Date,PT08.S1(CO),C6H6(GT),PT08.S2(NMHC),PT08.S3(NOx),PT08.S4(NO2),PT08.S5(O3),T,RH,AH,month,day,hour
2004-01-04,1244.3809523809523,11.971428571428572,1010.4285714285714,880.6666666666666,1644.3809523809523,1155.857142857143,15.519047619047617,51.13333333333333,0.8548809523809524,4.0,92.0,11.0
2004-01-05,1097.5,8.6625,913.7083333333334,918.0833333333334,1640.4166666666667,904.625,20.150000000000002,52.18333333333334,1.1673125,5.0,122.0,11.5
2004-01-06,1135.5833333333333,12.375,1021.875,896.7916666666666,1881.5,1066.9583333333333,20.325,66.15416666666667,1.5333499999999998,6.0,153.0,11.5
2004-01-07,1130.5833333333333,12.225,1038.5416666666667,740.9166666666666,1854.25,1059.625,30.45,39.69166666666667,1.6241083333333333,7.0,183.0,11.5
2004-01-08,974.1666666666666,5.808333333333334,792.5833333333334,880.0833333333334,1559.0,670.5833333333334,30.65416666666667,42.12083333333333,1.6735208333333336,8.0,214.0,11.5
2004-01-09,1060.5833333333333,12.916666666666666,1050.25,678.5833333333334,1683.5416666666667,1021.5,27.070833333333336,42.09166666666667,1.3834833333333334,9.0,245.0,11.5
2004-01-10,1315.695652173913,16.208695652173912,1153.8695652173913,604.4782608695652,1769.9565217391305,1366.8695652173913,22.07391304347826,60.23478260869565,1.5639739130434784,10.0,275.0,11.391304347826088
2004-01-11,1243.5,13.525,1094.5833333333333,604.4583333333334,1706.1666666666667,1495.625,21.229166666666668,70.09166666666667,1.7422583333333332,11.0,306.0,11.5
2004-01-12,1173.375,13.429166666666667,1050.4583333333333,1490.3333333333333,1448.5416666666667,1196.3333333333333,10.891666666666666,77.0,1.0027958333333333,12.0,336.0,11.5
2004-02-04,1288.9166666666667,13.208333333333334,1059.2916666666667,844.1666666666666,1708.7083333333333,1197.375,17.941666666666666,49.104166666666664,0.9348875,4.0,93.0,11.5
2004-02-05,1055.7083333333333,7.270833333333333,858.9166666666666,955.5,1575.4166666666667,872.0416666666666,19.591666666666665,49.56666666666666,1.0740666666666667,5.0,123.0,11.5
2004-02-06,977.4583333333334,7.2625,856.7083333333334,1009.0833333333334,1697.9583333333333,823.1666666666666,23.895833333333332,52.68333333333334,1.4779875,6.0,154.0,11.5
2004-02-07,1097.875,11.762500000000001,1022.0416666666666,767.9583333333334,1758.0416666666667,1031.4166666666667,30.1875,33.77916666666667,1.3643416666666666,7.0,184.0,11.5
2004-02-08,1055.2083333333333,9.237499999999999,930.9166666666666,768.8333333333334,1709.4583333333333,764.0416666666666,30.545833333333334,43.63333333333333,1.7645208333333333,8.0,215.0,11.5
2004-02-09,1084.1666666666667,13.479166666666666,1072.75,668.9583333333334,1675.125,1137.2916666666667,28.916666666666668,38.06666666666667,1.3910166666666666,9.0,246.0,11.5
2004-02-10,1211.0416666666667,10.4375,983.3333333333334,673.0833333333334,1598.4583333333333,1099.8333333333333,22.820833333333336,57.39166666666667,1.5603375,10.0,276.0,11.5
2004-02-11,1308.9166666666667,22.55,1297.25,596.9166666666666,1893.5416666666667,1430.0,20.666666666666668,64.5,1.53465,11.0,307.0,11.5
2004-02-12,1305.5,17.858333333333334,1182.5416666666667,886.625,1640.0833333333333,1374.4166666666667,14.466666666666667,71.2375,1.1634291666666667,12.0,337.0,11.5
2004-03-04,1307.2083333333333,10.887500000000001,989.7083333333334,862.4583333333334,1659.125,1140.4583333333333,19.133333333333333,45.699999999999996,0.9607041666666666,4.0,94.0,11.5
2004-03-05,1165.0833333333333,11.549999999999999,995.5,861.0416666666666,1725.375,1029.7083333333333,21.23333333333333,48.75416666666666,1.1285291666666668,5.0,124.0,11.5
2004-03-06,991.7083333333334,10.966666666666667,986.75,958.5,1729.25,992.6666666666666,23.308333333333334,45.949999999999996,1.2181916666666666,6.0,155.0,11.5
2004-03-07,989.8333333333334,8.220833333333333,899.75,866.4166666666666,1563.9166666666667,857.25,28.712500000000002,31.895833333333332,1.129375,7.0,185.0,11.5
2004-03-08,1099.2916666666667,10.154166666666667,958.625,733.5416666666666,1768.3333333333333,899.0416666666666,30.704166666666666,41.35,1.744575,8.0,216.0,11.5
2004-03-09,1129.6666666666667,13.549999999999999,1069.4166666666667,658.9583333333334,1689.9583333333333,1213.5833333333333,29.979166666666668,37.237500000000004,1.4423208333333333,9.0,247.0,11.5
2004-03-10,1128.25,8.270833333333334,893.625,750.25,1525.4583333333333,982.0833333333334,23.0125,56.40833333333333,1.54145,10.0,277.0,11.5
2004-03-11,1155.6666666666667,13.691666666666668,1081.6666666666667,654.1666666666666,1618.5833333333333,1169.5833333333333,21.537499999999998,58.012499999999996,1.4421625,11.0,308.0,11.5
2004-03-12,1314.3333333333333,16.099999999999998,1147.9583333333333,595.125,1643.4583333333333,1349.125,15.237499999999999,76.97500000000001,1.3186583333333333,12.0,338.0,11.5
2004-03-13,1330.6666666666667,10.916666666666666,992.8333333333334,993.2083333333334,1595.7916666666667,1245.9166666666667,12.866666666666667,51.53333333333333,0.7322958333333333,3.0,73.0,11.5
2004-03-14,1361.125,9.637500000000001,943.9166666666666,1001.2916666666666,1602.375,1234.2083333333333,16.0125,48.85,0.8496708333333333,3.0,74.0,11.5
2004-03-15,1452.1666666666667,16.091666666666665,1138.9166666666667,845.625,1888.625,1439.0833333333333,17.366666666666667,50.32083333333333,0.9440291666666667,3.0,75.0,11.5
2004-03-16,1339.6666666666667,13.5,1061.9166666666667,939.2916666666666,1726.625,1322.625,18.625,44.8375,0.8710208333333332,3.0,76.0,11.5
2004-03-17,1362.8333333333333,15.237499999999999,1099.0833333333333,930.6666666666666,1741.2083333333333,1405.875,18.779166666666665,41.166666666666664,0.8049166666666667,3.0,77.0,11.5
2004-03-18,1352.6666666666667,13.795833333333334,1072.5833333333333,901.1666666666666,1702.8333333333333,1301.0,17.7625,44.0875,0.8260166666666667,3.0,78.0,11.5
2004-03-19,1304.2916666666667,13.520833333333334,1058.0,913.375,1745.4166666666667,1095.7916666666667,14.191666666666668,57.90416666666667,0.9239583333333333,3.0,79.0,11.5
2004-03-20,1288.625,8.754166666666666,911.9583333333334,968.4583333333334,1609.0833333333333,1019.0,15.862499999999999,52.18333333333334,0.9289958333333334,3.0,80.0,11.5
2004-03-21,1252.7083333333333,7.595833333333334,870.625,975.6666666666666,1601.7916666666667,954.25,17.2125,52.45416666666667,1.0063208333333333,3.0,81.0,11.5
2004-03-22,1129.3333333333333,9.4125,911.5416666666666,1062.25,1595.3333333333333,857.875,17.358333333333334,44.833333333333336,0.8579333333333333,3.0,82.0,11.5
2004-03-23,1122.1666666666667,8.9625,896.625,1073.5416666666667,1557.0,892.7083333333334,12.133333333333333,60.46666666666667,0.8424999999999999,3.0,83.0,11.5
2004-03-24,1149.0416666666667,8.625,888.875,1040.75,1541.625,909.9583333333334,11.674999999999999,59.0875,0.7967083333333332,3.0,84.0,11.5
2004-03-25,1084.9583333333333,8.095833333333333,859.7083333333334,1124.2083333333333,1494.6666666666667,800.4583333333334,11.633333333333333,58.79583333333333,0.7820791666666667,3.0,85.0,11.5
2004-03-26,1084.7083333333333,8.424999999999999,892.5,1032.2083333333333,1457.625,888.5,11.666666666666666,51.291666666666664,0.6764916666666667,3.0,86.0,11.5
2004-03-27,1095.125,7.7625,873.125,1046.0833333333333,1425.8333333333333,900.75,12.583333333333334,46.541666666666664,0.64155,3.0,87.0,11.5
2004-03-28,1059.7083333333333,5.566666666666666,783.4583333333334,1121.75,1348.0833333333333,783.75,13.458333333333334,45.725,0.6638875,3.0,88.0,11.5
2004-03-29,992.0,5.570833333333333,762.2083333333334,1194.0833333333333,1275.5833333333333,630.7083333333334,13.387500000000001,37.666666666666664,0.5602791666666667,3.0,89.0,11.5
2004-03-30,1187.0416666666667,9.508333333333333,912.9166666666666,1019.875,1447.0,1003.9166666666666,15.508333333333333,34.4625,0.5942958333333334,3.0,90.0,11.5
2004-03-31,1181.125,7.870833333333334,863.2916666666666,1015.4583333333334,1513.5416666666667,904.25,13.5875,55.025,0.8417916666666666,3.0,91.0,11.5
2004-04-04,1202.7916666666667,7.2124999999999995,856.7916666666666,939.7083333333334,1562.375,824.7916666666666,18.89166666666667,50.1625,1.0414875,4.0,95.0,11.5
2004-04-05,1143.7916666666667,10.891666666666667,971.7083333333334,860.0833333333334,1795.875,929.9583333333334,18.0125,66.27499999999999,1.3368041666666668,5.0,125.0,11.5
2004-04-06,967.7083333333334,9.487499999999999,938.8333333333334,1001.6666666666666,1643.1666666666667,833.25,23.40833333333333,39.420833333333334,1.0900958333333335,6.0,156.0,11.5
2004-04-07,956.875,6.154166666666666,810.5833333333334,932.9166666666666,1527.375,752.4166666666666,29.070833333333336,35.59166666666667,1.2523541666666667,7.0,186.0,11.5
2004-04-08,1036.5833333333333,8.504166666666666,902.0416666666666,768.1666666666666,1698.0833333333333,872.1666666666666,30.575,42.05833333333333,1.719525,8.0,217.0,11.5
2004-04-09,1076.2916666666667,9.158333333333333,938.3333333333334,716.5416666666666,1511.7916666666667,956.5416666666666,30.370833333333334,34.645833333333336,1.3665916666666666,9.0,248.0,11.5
2004-04-10,1198.5833333333333,15.895833333333334,1122.9166666666667,669.5833333333334,1729.2916666666667,1229.875,22.175,56.583333333333336,1.4520333333333333,10.0,278.0,11.5
2004-04-11,1281.2916666666667,18.904166666666665,1210.125,605.1666666666666,1747.5833333333333,1332.2916666666667,20.57916666666667,62.00416666666666,1.4643958333333333,11.0,309.0,11.5
2004-04-12,1133.125,9.120833333333334,939.2083333333334,705.9583333333334,1371.5833333333333,1039.9166666666667,12.483333333333334,81.10833333333333,1.1709541666666665,12.0,339.0,11.5
2004-04-13,1111.0,9.404166666666667,912.8333333333334,988.875,1542.2083333333333,941.9583333333334,13.058333333333332,53.050000000000004,0.7821875,4.0,104.0,11.5
2004-04-14,1143.75,10.3125,959.4583333333334,898.25,1582.0833333333333,1104.2916666666667,15.487499999999999,47.35833333333333,0.7877291666666667,4.0,105.0,11.5
2004-04-15,1325.9583333333333,14.579166666666666,1085.25,814.0833333333334,1732.4166666666667,1351.6666666666667,14.841666666666667,51.22083333333333,0.8357916666666667,4.0,106.0,11.5
2004-04-16,1330.0833333333333,13.341666666666667,1069.0,763.2916666666666,1793.0833333333333,1221.625,14.091666666666667,69.34166666666667,1.0991541666666667,4.0,107.0,11.5
2004-04-17,1064.75,6.479166666666667,828.625,960.9166666666666,1553.1666666666667,838.1666666666666,15.545833333333334,64.27916666666667,1.0987625,4.0,108.0,11.5
2004-04-18,1071.1666666666667,6.016666666666667,800.625,994.375,1559.0416666666667,768.9583333333334,15.595833333333333,64.1375,1.12185,4.0,109.0,11.5
2004-04-19,1055.5833333333333,7.8500000000000005,872.5,943.9166666666666,1586.9583333333333,869.5,13.612499999999999,67.43333333333334,1.0309875,4.0,110.0,11.5
2004-04-20,1151.0,13.0375,1034.5833333333333,893.875,1738.8333333333333,1088.8333333333333,16.258333333333333,56.90833333333333,0.9805083333333333,4.0,111.0,11.5
2004-04-21,1174.2083333333333,14.375,1078.3333333333333,865.2916666666666,1725.0833333333333,1154.9166666666667,19.083333333333332,45.0,0.9005041666666668,4.0,112.0,11.5
2004-04-22,1158.875,14.108333333333334,1072.2916666666667,878.5,1683.125,1139.4166666666667,21.0625,39.30833333333333,0.8835916666666667,4.0,113.0,11.5
2004-04-23,1302.5833333333333,16.933333333333334,1163.1666666666667,797.875,1801.7083333333333,1388.0833333333333,21.229166666666668,39.15,0.9110625,4.0,114.0,11.5
2004-04-24,1240.7916666666667,10.454166666666667,976.3333333333334,840.8333333333334,1667.5416666666667,1119.2083333333333,20.083333333333332,48.520833333333336,1.0794291666666667,4.0,115.0,11.5
2004-04-25,916.4583333333334,4.129166666666666,695.125,1274.3333333333333,1267.2916666666667,514.2083333333334,15.625,41.19583333333333,0.700525,4.0,116.0,11.5
2004-04-26,958.0833333333334,5.808333333333334,778.5833333333334,1143.25,1367.5416666666667,650.75,16.795833333333334,38.55833333333333,0.7247291666666666,4.0,117.0,11.5
2004-04-27,1124.0,11.316666666666668,985.4166666666666,944.7916666666666,1581.375,953.4166666666666,20.616666666666667,35.55416666666667,0.8142166666666667,4.0,118.0,11.5
2004-04-28,1293.125,15.179166666666667,1111.0416666666667,792.8333333333334,1783.9166666666667,1291.375,21.091666666666665,42.775,1.010475,4.0,119.0,11.5
2004-04-29,1322.6666666666667,16.208333333333332,1141.2916666666667,757.8333333333334,1873.0833333333333,1364.875,18.916666666666668,51.19166666666666,1.0685458333333333,4.0,120.0,11.5
2004-04-30,1330.0833333333333,14.170833333333334,1103.5833333333333,732.125,1916.9583333333333,1306.125,17.995833333333334,66.57083333333334,1.3452291666666667,4.0,121.0,11.5
2004-05-04,1283.625,10.845833333333333,970.5416666666666,877.2083333333334,1703.4583333333333,1069.9583333333333,16.8625,53.95416666666667,1.0167625,4.0,96.0,11.5
2004-05-05,1079.1666666666667,10.1875,942.9166666666666,916.5833333333334,1737.625,871.125,16.2375,66.89166666666667,1.2174208333333334,5.0,126.0,11.5
2004-05-06,962.625,8.012500000000001,891.2916666666666,975.1666666666666,1660.5,852.5416666666666,23.8875,45.07083333333333,1.2747666666666666,6.0,157.0,11.5
2004-05-07,1057.5416666666667,11.816666666666668,1011.7916666666666,802.75,1690.75,1047.9166666666667,29.5625,31.0125,1.1601625,7.0,187.0,11.5
2004-05-08,1046.1666666666667,7.616666666666667,869.2916666666666,772.7083333333334,1684.0,899.9583333333334,26.304166666666664,56.645833333333336,1.8006333333333335,8.0,218.0,11.5
2004-05-09,928.125,5.7124999999999995,762.0416666666666,976.1666666666666,1288.7916666666667,645.8333333333334,29.204166666666666,27.2375,1.0574291666666666,9.0,249.0,11.5
2004-05-10,1267.4166666666667,18.224999999999998,1189.6666666666667,643.4166666666666,1763.3333333333333,1378.2083333333333,23.15833333333333,53.550000000000004,1.4494958333333334,10.0,279.0,11.5
2004-05-11,1262.5416666666667,17.920833333333334,1178.9583333333333,619.0,1682.0416666666667,1313.7916666666667,19.345833333333335,62.23333333333333,1.3682583333333334,11.0,310.0,11.5
2004-05-12,941.875,4.129166666666666,707.5416666666666,958.2083333333334,1175.5,774.0416666666666,12.416666666666666,71.875,1.030775,12.0,340.0,11.5
2004-05-13,1126.0416666666667,10.970833333333333,974.9166666666666,878.9583333333334,1682.2916666666667,980.625,17.670833333333334,51.34166666666667,1.0258666666666667,5.0,134.0,11.5
2004-05-14,1121.8333333333333,13.020833333333334,1069.25,813.8333333333334,1669.4166666666667,1157.3333333333333,21.833333333333332,37.30833333333333,0.8978875,5.0,135.0,11.5
2004-05-15,1043.5833333333333,9.058333333333334,930.125,938.7083333333334,1497.8333333333333,975.5,21.037499999999998,34.387499999999996,0.8069833333333333,5.0,136.0,11.5
2004-05-16,1034.4583333333333,6.95,841.2083333333334,1010.0833333333334,1442.7083333333333,773.5833333333334,22.3625,34.8375,0.8879916666666666,5.0,137.0,11.5
2004-05-17,986.5416666666666,8.237499999999999,886.8333333333334,1047.5416666666667,1394.7083333333333,798.5416666666666,21.349999999999998,26.020833333333332,0.6353333333333333,5.0,138.0,11.5
2004-05-18,1157.9583333333333,12.466666666666667,1018.7083333333334,887.2916666666666,1647.5833333333333,1075.0833333333333,23.754166666666666,30.983333333333334,0.8575083333333334,5.0,139.0,11.5
2004-05-19,1196.9583333333333,12.958333333333334,1041.9583333333333,827.7916666666666,1703.2916666666667,1076.5833333333333,22.9875,37.69166666666667,0.9914083333333333,5.0,140.0,11.5
2004-05-20,1237.375,13.279166666666667,1055.7083333333333,806.2916666666666,1724.5833333333333,1087.125,23.650000000000002,37.43333333333333,1.0030458333333334,5.0,141.0,11.5
2004-05-21,1210.9583333333333,12.6625,1039.4583333333333,817.0,1679.625,1108.0,23.483333333333334,34.72083333333333,0.9292125000000001,5.0,142.0,11.5
2004-05-22,1235.4583333333333,11.120833333333332,1006.6666666666666,792.8333333333334,1706.625,1080.2083333333333,22.037499999999998,42.354166666666664,1.0831208333333333,5.0,143.0,11.5
2004-05-23,1058.6666666666667,6.433333333333334,812.0416666666666,1006.25,1531.8333333333333,765.9166666666666,22.3625,41.75833333333333,1.0685916666666666,5.0,144.0,11.5
2004-05-24,879.5,5.945833333333333,781.875,1212.1666666666667,1246.4583333333333,617.0833333333334,19.9375,25.666666666666668,0.5586041666666667,5.0,145.0,11.5
2004-05-25,997.3684210526316,10.831578947368422,952.578947368421,1037.3684210526317,1368.2631578947369,932.2631578947369,22.42105263157895,21.326315789473682,0.48739473684210527,5.0,146.0,9.0
2004-05-26,1098.0666666666666,16.64,1182.0666666666666,1081.6666666666667,1500.2,1149.8,27.28666666666667,21.6,0.7360466666666666,5.0,147.0,16.0
2004-05-27,1087.7083333333333,12.804166666666667,1040.7916666666667,1022.75,1615.7916666666667,1027.9166666666667,22.854166666666668,32.06666666666667,0.8372958333333332,5.0,148.0,11.5
2004-05-28,1037.0416666666667,10.704166666666666,984.8333333333334,984.375,1622.2083333333333,919.0,21.34166666666667,41.141666666666666,0.99045,5.0,149.0,11.5
2004-05-29,880.9583333333334,5.495833333333334,776.7083333333334,1242.7916666666667,1407.4583333333333,615.75,20.270833333333332,39.0625,0.9044208333333333,5.0,150.0,11.5
2004-05-30,875.9583333333334,5.791666666666667,788.625,1212.25,1383.9583333333333,656.9166666666666,23.712500000000002,31.28333333333333,0.8442124999999999,5.0,151.0,11.5
2004-05-31,1007.0,11.020833333333334,977.125,974.4583333333334,1663.3333333333333,868.25,22.791666666666668,42.87083333333334,1.1112875,5.0,152.0,11.5
2004-06-04,1200.5416666666667,10.941666666666668,969.875,889.5833333333334,1663.7916666666667,941.2083333333334,16.925,48.20416666666667,0.9090541666666666,4.0,97.0,11.5
2004-06-05,1000.5,8.775,897.3333333333334,991.0416666666666,1607.5416666666667,795.5,14.316666666666668,62.77916666666667,1.0046208333333333,5.0,127.0,11.5
2004-06-06,849.9166666666666,4.920833333333333,751.9583333333334,1139.0416666666667,1516.4583333333333,629.25,21.90416666666667,48.729166666666664,1.1993208333333334,6.0,158.0,11.5
2004-06-07,1120.4583333333333,14.637500000000001,1106.4166666666667,743.6666666666666,1777.8333333333333,1308.2916666666667,30.541666666666668,31.145833333333332,1.2025,7.0,188.0,11.5
2004-06-08,1079.1666666666667,10.466666666666667,980.7916666666666,698.375,1803.9166666666667,1104.2916666666667,26.483333333333334,58.0375,1.8899666666666668,8.0,219.0,11.5
2004-06-09,978.5416666666666,6.058333333333334,794.7083333333334,875.5,1390.9583333333333,731.2083333333334,26.633333333333336,36.4125,1.2265041666666667,9.0,250.0,11.5
2004-06-10,1295.4166666666667,16.575,1151.2916666666667,616.875,1736.4166666666667,1335.1666666666667,22.77916666666667,55.645833333333336,1.4917375,10.0,280.0,11.5
2004-06-11,1189.2916666666667,12.158333333333333,1034.4166666666667,653.9166666666666,1500.7083333333333,1144.5833333333333,18.291666666666668,63.487500000000004,1.3132,11.0,311.0,11.5
2004-06-12,1107.3333333333333,11.204166666666666,982.4166666666666,748.7916666666666,1419.9166666666667,1126.375,15.366666666666667,63.71666666666667,1.0901458333333334,12.0,341.0,11.5
2004-06-13,846.5833333333334,2.9749999999999996,641.7083333333334,1263.25,1395.2916666666667,498.2083333333333,22.304166666666664,42.84166666666667,1.1435,6.0,165.0,11.5
2004-06-14,878.875,4.966666666666667,736.2083333333334,1185.25,1494.0833333333333,600.1666666666666,22.183333333333334,43.89166666666667,1.1538916666666668,6.0,166.0,11.5
2004-06-15,999.7916666666666,11.987499999999999,1011.0833333333334,900.4583333333334,1744.2916666666667,935.9583333333334,26.575,36.06666666666667,1.1686416666666666,6.0,167.0,11.5
2004-06-16,1059.5,11.741666666666667,1015.4583333333334,822.5,1787.2916666666667,933.0,25.9375,41.97083333333333,1.3132625,6.0,168.0,11.5
2004-06-17,1048.875,11.9125,1022.8333333333334,824.0416666666666,1794.9583333333333,1007.7083333333334,25.291666666666668,42.625,1.3121125,6.0,169.0,11.5
2004-06-18,1042.8333333333333,12.483333333333334,1035.5833333333333,825.2916666666666,1800.1666666666667,961.6666666666666,28.2375,38.00416666666667,1.3521041666666667,6.0,170.0,11.5
2004-06-19,968.7142857142857,6.957142857142857,843.5714285714286,920.8571428571429,1626.857142857143,798.0714285714286,26.157142857142855,42.90714285714286,1.3863857142857143,6.0,171.0,6.5
2004-06-21,950.65,10.745000000000001,986.55,880.95,1644.15,819.9,25.43,33.5,0.9912150000000001,6.0,173.0,13.5
2004-06-22,1023.75,12.658333333333333,1031.2916666666667,842.8333333333334,1765.7916666666667,1001.6666666666666,25.504166666666666,37.975,1.1623583333333334,6.0,174.0,11.5
2004-06-23,1080.125,13.329166666666666,1061.125,786.7083333333334,1815.2083333333333,1116.2916666666667,27.22083333333333,36.520833333333336,1.2278416666666667,6.0,175.0,11.5
2004-06-24,1042.125,8.933333333333334,914.0416666666666,846.2083333333334,1722.0,844.1666666666666,27.808333333333334,41.333333333333336,1.4347916666666667,6.0,176.0,11.5
2004-06-25,1013.0833333333334,10.725,986.5,834.0833333333334,1679.9583333333333,933.9583333333334,27.883333333333336,33.699999999999996,1.160025,6.0,177.0,11.5
2004-06-26,981.0833333333334,7.758333333333333,877.1666666666666,913.5833333333334,1567.875,869.875,28.09166666666667,32.24583333333333,1.1505791666666667,6.0,178.0,11.5
2004-06-27,984.2916666666666,7.325,858.75,921.3333333333334,1593.8333333333333,847.0416666666666,31.241666666666664,33.670833333333334,1.3508958333333334,6.0,179.0,11.5
2004-06-28,1098.375,12.670833333333334,1040.7083333333333,786.5833333333334,1798.0416666666667,1042.25,31.099999999999998,33.2125,1.3867083333333332,6.0,180.0,11.5
2004-06-29,1164.1666666666667,13.975,1082.125,731.2916666666666,1919.3333333333333,1170.1666666666667,31.116666666666664,37.05833333333333,1.5999875000000001,6.0,181.0,11.5
2004-06-30,1156.0833333333333,13.604166666666666,1080.3333333333333,719.6666666666666,1898.4583333333333,1257.7083333333333,31.608333333333334,38.65,1.679625,6.0,182.0,11.5
2004-07-04,1051.7916666666667,6.9750000000000005,823.1666666666666,1090.125,1470.25,685.4583333333334,14.320833333333333,54.71666666666667,0.8671875,4.0,98.0,11.5
2004-07-05,999.4166666666666,9.5375,936.875,924.7083333333334,1601.0416666666667,814.4166666666666,15.458333333333334,55.583333333333336,0.9385916666666666,5.0,128.0,11.5
2004-07-06,973.8333333333334,12.479166666666666,1031.8333333333333,919.9583333333334,1756.3333333333333,957.25,25.558333333333334,37.7125,1.1236166666666667,6.0,159.0,11.5
2004-07-07,1167.6666666666667,15.341666666666667,1128.5416666666667,722.9166666666666,1770.2916666666667,1402.0416666666667,32.387499999999996,25.40833333333333,1.1090208333333333,7.0,189.0,11.5
2004-07-08,927.9166666666666,6.625,829.4583333333334,838.25,1608.0,773.0833333333334,29.09583333333333,46.362500000000004,1.7155291666666665,8.0,220.0,11.5
2004-07-09,1023.7826086956521,9.71304347826087,945.7391304347826,768.8260869565217,1473.5652173913043,927.3478260869565,27.52173913043478,33.4,1.1535565217391304,9.0,251.0,11.0
2004-07-10,1307.6666666666667,16.1875,1141.0416666666667,615.5833333333334,1744.3333333333333,1292.25,23.129166666666666,54.57083333333333,1.4954625000000001,10.0,281.0,11.5
2004-07-11,876.5416666666666,5.195833333333334,747.8333333333334,1016.8333333333334,1113.9583333333333,673.0833333333334,15.883333333333333,45.86666666666667,0.8194916666666666,11.0,312.0,11.5
2004-07-12,1119.2916666666667,10.970833333333333,984.25,789.4166666666666,1369.7083333333333,1159.9166666666667,14.862499999999999,60.487500000000004,1.0074916666666667,12.0,342.0,11.5
2004-07-13,972.0,12.254166666666668,1022.2916666666666,824.0,1628.0,1062.1666666666667,24.8875,34.71666666666667,0.9625,7.0,195.0,11.5
2004-07-14,1003.7916666666666,13.754166666666668,1081.9166666666667,787.2916666666666,1648.2916666666667,1122.9583333333333,27.608333333333334,28.46666666666667,0.9359625,7.0,196.0,11.5
2004-07-15,1033.3333333333333,12.549999999999999,1040.5833333333333,775.4583333333334,1665.0833333333333,1014.0,27.854166666666668,32.59166666666667,1.1326541666666667,7.0,197.0,11.5
2004-07-16,1034.0416666666667,12.395833333333334,1034.2083333333333,788.5416666666666,1643.25,1039.0833333333333,28.616666666666664,30.991666666666664,1.1031666666666666,7.0,198.0,11.5
2004-07-17,1010.9583333333334,8.616666666666667,917.0833333333334,827.3333333333334,1505.75,962.6666666666666,29.820833333333336,29.22083333333333,1.0803,7.0,199.0,11.5
2004-07-18,990.7916666666666,6.045833333333333,805.3333333333334,913.5833333333334,1416.7083333333333,776.0,30.55,26.90416666666667,1.0428541666666666,7.0,200.0,11.5
2004-07-19,1128.5833333333333,12.129166666666668,1027.1666666666667,750.125,1660.625,1180.4583333333333,31.129166666666666,28.808333333333334,1.1855166666666668,7.0,201.0,11.5
2004-07-20,1189.2083333333333,13.979166666666666,1089.9166666666667,689.4583333333334,1745.7083333333333,1280.4166666666667,32.225,29.224999999999998,1.2628958333333333,7.0,202.0,11.5
2004-07-21,1181.2916666666667,12.966666666666667,1058.2916666666667,705.9166666666666,1731.7916666666667,1197.3333333333333,32.362500000000004,30.804166666666664,1.3389541666666667,7.0,203.0,11.5
2004-07-22,1216.3333333333333,14.887500000000001,1120.3333333333333,659.4166666666666,1830.5416666666667,1355.0416666666667,32.99583333333333,33.0875,1.4549874999999999,7.0,204.0,11.5
2004-07-23,1134.7916666666667,13.229166666666666,1074.5416666666667,688.5833333333334,1780.4583333333333,1220.4166666666667,32.55833333333333,31.849999999999998,1.3979541666666666,7.0,205.0,11.5
2004-07-24,1046.8333333333333,7.270833333333333,858.125,802.9583333333334,1640.5833333333333,868.4166666666666,30.108333333333334,39.87916666666667,1.6297541666666666,7.0,206.0,11.5
2004-07-25,932.2916666666666,3.6458333333333335,677.2916666666666,1040.25,1514.625,581.3333333333334,26.758333333333336,49.75416666666666,1.6898833333333334,7.0,207.0,11.5
2004-07-26,983.0416666666666,7.8625,876.5833333333334,868.9166666666666,1606.8333333333333,806.5416666666666,30.108333333333334,35.612500000000004,1.4415625,7.0,208.0,11.5
2004-07-27,921.7916666666666,7.0874999999999995,850.5416666666666,882.1666666666666,1509.8333333333333,758.5,28.016666666666666,32.475,1.1796416666666667,7.0,209.0,11.5
2004-07-28,956.0416666666666,11.104166666666666,993.6666666666666,813.2916666666666,1550.9583333333333,908.7083333333334,28.366666666666664,26.45,0.93545,7.0,210.0,11.5
2004-07-29,1019.2083333333334,11.295833333333334,999.8333333333334,769.4166666666666,1596.125,935.0416666666666,29.45,28.304166666666664,1.0829416666666667,7.0,211.0,11.5
2004-07-30,1086.5833333333333,12.116666666666667,1034.6666666666667,704.9166666666666,1744.6666666666667,1009.0,30.025000000000002,37.05416666666667,1.4482458333333332,7.0,212.0,11.5
2004-07-31,1041.4782608695652,9.230434782608697,936.304347826087,769.5217391304348,1658.391304347826,867.2608695652174,31.099999999999998,38.13478260869565,1.5692086956521738,7.0,213.0,12.0
2004-08-04,1157.1739130434783,12.039130434782608,1013.4782608695652,905.8260869565217,1598.608695652174,1084.304347826087,14.5,49.391304347826086,0.7362478260869566,4.0,99.0,11.0
2004-08-05,1002.2916666666666,7.129166666666666,839.5,1021.5,1505.4166666666667,767.1666666666666,14.283333333333333,59.30833333333334,0.9350458333333332,5.0,129.0,11.5
2004-08-06,1069.5833333333333,14.458333333333334,1086.5,870.5416666666666,1861.4166666666667,1095.6666666666667,27.316666666666666,38.35,1.255925,6.0,160.0,11.5
2004-08-07,1207.7916666666667,14.520833333333334,1109.625,697.5833333333334,1778.25,1384.1666666666667,32.47083333333333,28.208333333333332,1.2855125,7.0,190.0,11.5
2004-08-08,935.1666666666666,4.958333333333333,752.4166666666666,904.9166666666666,1576.3333333333333,665.5416666666666,28.041666666666668,50.145833333333336,1.8238625,8.0,221.0,11.5
2004-08-09,1258.0,19.514285714285712,1268.2857142857142,884.4285714285714,1453.5714285714287,1462.857142857143,27.214285714285715,27.37142857142857,0.9562571428571428,9.0,252.0,18.857142857142858
2004-08-10,1287.2916666666667,15.85,1144.125,611.1666666666666,1725.7083333333333,1310.1666666666667,23.287499999999998,54.93333333333334,1.5154083333333332,10.0,282.0,11.5
2004-08-11,906.875,8.441666666666666,848.2083333333334,988.7916666666666,1155.8333333333333,804.9583333333334,11.116666666666667,50.62083333333334,0.6623208333333334,11.0,313.0,11.5
2004-08-12,1092.9166666666667,7.054166666666667,849.125,840.9583333333334,1258.7916666666667,1010.75,14.354166666666666,64.54583333333333,1.0434833333333333,12.0,343.0,11.5
2004-08-13,925.0416666666666,5.1499999999999995,760.4583333333334,936.125,1558.5416666666667,598.75,29.808333333333334,44.47083333333333,1.7402291666666667,8.0,226.0,11.5
2004-08-14,906.0833333333334,4.358333333333333,722.9166666666666,954.375,1503.0833333333333,609.75,29.958333333333332,41.800000000000004,1.6433958333333332,8.0,227.0,11.5
2004-08-15,847.4166666666666,3.8166666666666664,693.25,1033.3333333333333,1406.4166666666667,609.5416666666666,29.8125,37.766666666666666,1.4144625,8.0,228.0,11.5
2004-08-16,891.3333333333334,6.0,797.625,939.2916666666666,1410.4166666666667,707.0833333333334,30.075,30.233333333333334,1.169975,8.0,229.0,11.5
2004-08-17,986.25,6.7375,828.7083333333334,845.6666666666666,1484.4166666666667,811.9166666666666,30.391666666666666,33.858333333333334,1.3470875,8.0,230.0,11.5
2004-08-18,998.5416666666666,6.883333333333333,847.5416666666666,811.2916666666666,1550.9583333333333,801.4583333333334,29.837500000000002,37.40833333333333,1.5247208333333333,8.0,231.0,11.5
2004-08-19,998.8333333333334,5.9125000000000005,798.2083333333334,842.7916666666666,1611.25,727.5833333333334,32.233333333333334,41.4,1.8804791666666667,8.0,232.0,11.5
2004-08-20,982.625,5.758333333333333,786.9166666666666,856.375,1609.8333333333333,687.2083333333334,30.616666666666664,45.25833333333333,1.9148041666666666,8.0,233.0,11.5
2004-08-21,851.625,4.179166666666666,712.7083333333334,1015.0833333333334,1383.125,544.0,26.791666666666668,37.69583333333333,1.2938458333333334,8.0,234.0,11.5
2004-08-22,854.7083333333334,5.0,757.0833333333334,959.0,1380.5416666666667,689.9583333333334,27.541666666666668,38.43333333333333,1.215425,8.0,235.0,11.5
2004-08-23,893.4166666666666,6.3,812.375,888.3333333333334,1412.75,726.375,28.004166666666666,34.824999999999996,1.1987166666666667,8.0,236.0,11.5
2004-08-24,967.9583333333334,7.2124999999999995,853.0416666666666,816.9583333333334,1468.6666666666667,808.2916666666666,27.987499999999997,35.99166666666667,1.2742833333333332,8.0,237.0,11.5
2004-08-25,1014.6666666666666,7.720833333333334,872.4583333333334,768.8333333333334,1595.8333333333333,812.9166666666666,28.612499999999997,42.145833333333336,1.5917833333333335,8.0,238.0,11.5
2004-08-26,844.5,3.5666666666666664,674.5,1010.1666666666666,1321.6666666666667,595.3333333333334,23.7,45.300000000000004,1.3099166666666666,8.0,239.0,2.5
2004-08-28,947.047619047619,6.442857142857143,822.3809523809524,838.6190476190476,1454.1904761904761,733.5238095238095,27.876190476190477,39.20952380952381,1.3530047619047618,8.0,241.0,13.0
2004-08-29,987.4166666666666,6.579166666666667,826.7083333333334,791.0833333333334,1531.125,756.0833333333334,27.520833333333332,44.987500000000004,1.5171875000000001,8.0,242.0,11.5
2004-08-30,1067.1666666666667,10.720833333333333,973.875,709.8333333333334,1671.7916666666667,905.9166666666666,27.079166666666666,46.15416666666667,1.5751,8.0,243.0,11.5
2004-08-31,1070.3333333333333,10.7875,980.7916666666666,692.3333333333334,1684.9583333333333,928.9166666666666,27.3,46.18333333333334,1.5827333333333333,8.0,244.0,11.5
2004-09-04,1176.0,8.4,917.0,866.0,1560.0,1151.0,12.0,67.9,0.9523,4.0,100.0,23.0
2004-09-05,1020.9166666666666,6.695833333333333,837.25,950.4166666666666,1519.5833333333333,813.7083333333334,15.258333333333333,56.92083333333333,0.9671708333333333,5.0,130.0,11.5
2004-09-06,1122.3333333333333,14.9125,1114.125,803.4166666666666,1872.5416666666667,1179.2916666666667,29.441666666666666,35.84583333333333,1.3138708333333333,6.0,161.0,11.5
2004-09-07,1055.0,10.799999999999999,990.5,801.5416666666666,1642.4583333333333,901.5416666666666,28.995833333333334,31.21666666666667,1.1824833333333333,7.0,191.0,11.5
2004-09-08,1019.5,8.135,890.35,770.25,1700.15,926.35,28.189999999999998,51.03,1.8443349999999998,8.0,222.0,10.3
2004-09-09,1113.4166666666667,13.541666666666666,1066.4583333333333,951.5833333333334,1460.3333333333333,1211.5416666666667,28.525000000000002,26.55,0.9646708333333334,9.0,253.0,11.5
2004-09-10,1340.2916666666667,14.024999999999999,1101.4166666666667,591.4583333333334,1724.0,1260.2916666666667,24.883333333333336,54.791666666666664,1.6757875,10.0,283.0,11.5
2004-09-11,1000.9166666666666,10.375,950.125,837.2083333333334,1233.2083333333333,1016.9583333333334,8.033333333333333,64.78750000000001,0.6867208333333333,11.0,314.0,11.5
2004-09-12,934.4166666666666,4.883333333333334,732.2083333333334,1207.125,1140.125,749.2083333333334,14.5375,55.38333333333333,0.9126166666666666,12.0,344.0,11.5
2004-09-13,1206.75,15.516666666666666,1126.7916666666667,731.2083333333334,1775.9166666666667,1260.125,26.258333333333336,50.0,1.5848250000000002,9.0,257.0,11.5
2004-09-14,1148.4583333333333,12.233333333333334,1016.375,775.875,1716.25,1094.1666666666667,25.195833333333336,55.95416666666667,1.71355,9.0,258.0,11.5
2004-09-15,1205.375,14.404166666666667,1088.4583333333333,708.25,1846.6666666666667,1213.6666666666667,22.84166666666667,67.76666666666667,1.8466791666666669,9.0,259.0,11.5
2004-09-16,1072.0,11.683333333333332,1015.5,781.875,1656.9166666666667,1084.9166666666667,21.429166666666664,61.10833333333333,1.5256,9.0,260.0,11.5
2004-09-17,945.2083333333334,8.183333333333334,882.9583333333334,980.375,1440.0,830.4166666666666,21.8,48.52916666666667,1.2407291666666667,9.0,261.0,11.5
2004-09-18,933.6666666666666,6.2749999999999995,814.0833333333334,995.25,1331.875,732.375,24.025000000000002,38.858333333333334,1.1190083333333334,9.0,262.0,11.5
2004-09-19,1044.9583333333333,9.541666666666666,941.5416666666666,824.7916666666666,1492.9166666666667,961.9583333333334,24.829166666666666,43.92083333333333,1.2793333333333334,9.0,263.0,11.5
2004-09-20,1130.0,14.970833333333333,1095.3333333333333,747.375,1660.4583333333333,1151.9166666666667,25.570833333333336,43.262499999999996,1.3196291666666666,9.0,264.0,11.5
2004-09-21,1181.875,16.0,1124.7083333333333,712.3333333333334,1726.0416666666667,1163.0833333333333,24.704166666666666,47.61666666666667,1.42305,9.0,265.0,11.5
2004-09-22,1166.7083333333333,15.174999999999999,1113.4583333333333,699.4583333333334,1728.0833333333333,1163.5833333333333,24.604166666666668,51.27916666666667,1.4947625,9.0,266.0,11.5
2004-09-23,1159.2916666666667,13.745833333333332,1075.1666666666667,713.1666666666666,1703.4166666666667,1102.4166666666667,25.495833333333334,50.7875,1.5961458333333332,9.0,267.0,11.5
2004-09-24,1136.6666666666667,12.8375,1021.5833333333334,787.125,1652.625,1052.625,21.133333333333333,58.612500000000004,1.4395749999999998,9.0,268.0,11.5
2004-09-25,853.125,5.258333333333334,751.1666666666666,1127.7083333333333,1183.875,640.2916666666666,17.849999999999998,40.99166666666667,0.8099208333333333,9.0,269.0,11.5
2004-09-26,910.75,6.470833333333334,821.2916666666666,968.625,1243.25,778.6666666666666,18.425,42.454166666666666,0.8547125000000001,9.0,270.0,11.5
2004-09-27,997.5416666666666,10.741666666666667,982.9166666666666,813.7916666666666,1392.6666666666667,1013.125,19.020833333333332,42.44583333333333,0.8822375,9.0,271.0,11.5
2004-09-28,1086.6666666666667,15.658333333333333,1114.7916666666667,765.25,1511.8333333333333,1335.25,19.891666666666666,42.391666666666666,0.9168,9.0,272.0,11.5
2004-09-29,1122.875,14.891666666666666,1092.4166666666667,749.7916666666666,1539.6666666666667,1225.5,20.995833333333334,44.05416666666667,1.0338375,9.0,273.0,11.5
2004-09-30,1267.875,16.0875,1129.4166666666667,672.75,1657.9166666666667,1298.2916666666667,21.2875,53.0875,1.3287541666666667,9.0,274.0,11.5
2004-10-03,1316.5,8.450000000000001,912.3333333333334,1167.3333333333333,1545.5,1096.0,12.033333333333333,54.9,0.7656333333333333,3.0,70.0,20.5
2004-10-04,1051.4166666666667,7.445833333333333,869.75,973.9583333333334,1467.8333333333333,872.625,15.091666666666667,49.166666666666664,0.7815083333333334,4.0,101.0,11.5
2004-10-05,1110.4583333333333,13.137500000000001,1041.5416666666667,857.9583333333334,1747.5416666666667,1010.25,17.9375,50.4625,0.9980541666666666,5.0,131.0,11.5
2004-10-06,1121.4166666666667,14.825000000000001,1114.5,794.3333333333334,1880.375,1128.0416666666667,29.025000000000002,36.65833333333333,1.32895,6.0,162.0,11.5
2004-10-07,918.1666666666666,6.404166666666666,822.1666666666666,942.875,1487.5,636.5833333333334,26.620833333333334,35.729166666666664,1.1443083333333333,7.0,192.0,11.5
2004-10-08,1064.2916666666667,8.904166666666667,920.25,748.0833333333334,1706.2083333333333,943.375,31.545833333333334,43.887499999999996,1.8547083333333332,8.0,223.0,11.5
2004-10-09,1080.4583333333333,11.591666666666667,1009.5,910.8333333333334,1447.125,1020.2083333333334,27.912499999999998,30.6125,1.077275,9.0,254.0,11.5
2004-10-10,1112.1666666666667,7.2250000000000005,858.375,762.9583333333334,1547.875,885.0833333333334,22.070833333333336,66.9125,1.7469999999999999,10.0,284.0,11.5
2004-10-11,961.4166666666666,7.7625,843.25,948.375,1210.9166666666667,836.2916666666666,8.745833333333334,71.81666666666666,0.8065708333333333,11.0,315.0,11.5
2004-10-12,875.75,6.683333333333334,804.0,1452.1666666666667,975.5833333333334,764.4166666666666,14.299999999999999,29.641666666666666,0.4713875,12.0,345.0,11.5
2004-10-13,875.6666666666666,5.25,748.9583333333334,1015.5,1231.75,708.0416666666666,15.375,54.916666666666664,0.9504791666666667,10.0,287.0,11.5
2004-10-14,1005.125,8.333333333333334,875.2916666666666,872.5833333333334,1400.2083333333333,915.25,17.804166666666667,55.78333333333333,1.1168625,10.0,288.0,11.5
2004-10-15,1112.4583333333333,12.8375,1039.2916666666667,730.3333333333334,1595.9583333333333,1057.0,18.333333333333332,64.60000000000001,1.3062708333333333,10.0,289.0,11.5
2004-10-16,982.4166666666666,7.104166666666667,851.5,859.0833333333334,1352.5416666666667,791.5833333333334,17.408333333333335,62.104166666666664,1.1790666666666667,10.0,290.0,11.5
2004-10-17,931.25,6.404166666666666,810.9583333333334,926.9583333333334,1315.0,692.75,17.970833333333335,55.38333333333333,1.0995208333333333,10.0,291.0,11.5
2004-10-18,1158.7083333333333,16.220833333333335,1130.0,698.0,1634.75,1204.7916666666667,17.345833333333335,60.387499999999996,1.1775333333333333,10.0,292.0,11.5
2004-10-19,1273.1666666666667,18.224999999999998,1216.4166666666667,587.6666666666666,1744.25,1383.4583333333333,18.216666666666665,67.02083333333333,1.3843500000000002,10.0,293.0,11.5
2004-10-20,1472.3333333333333,23.166666666666668,1355.1666666666667,495.5833333333333,1959.375,1624.375,21.72083333333333,66.21666666666667,1.6928041666666667,10.0,294.0,11.5
2004-10-21,1337.5833333333333,17.829166666666666,1213.0,558.6666666666666,1830.7916666666667,1368.7083333333333,23.820833333333336,60.47083333333333,1.743475,10.0,295.0,11.5
2004-10-22,1300.7083333333333,17.575,1189.4583333333333,581.2916666666666,1799.7083333333333,1431.8333333333333,22.52916666666667,61.645833333333336,1.6456625,10.0,296.0,11.5
2004-10-23,1235.8333333333333,13.4125,1079.5,620.25,1667.2083333333333,1252.7916666666667,21.670833333333334,62.50833333333333,1.5782999999999998,10.0,297.0,11.5
2004-10-24,1139.9166666666667,10.191666666666666,972.1666666666666,680.75,1545.5833333333333,1161.75,21.358333333333334,62.800000000000004,1.5509833333333332,10.0,298.0,11.5
2004-10-25,1307.625,20.045833333333334,1249.5416666666667,563.625,1827.0,1482.2083333333333,18.658333333333335,69.75,1.4794416666666665,10.0,299.0,11.5
2004-10-26,1292.0416666666667,19.933333333333334,1243.4166666666667,582.4166666666666,1804.9166666666667,1426.625,19.529166666666665,66.21249999999999,1.4673333333333334,10.0,300.0,11.5
2004-10-27,1141.9166666666667,12.875,1052.9583333333333,666.3333333333334,1638.9166666666667,1131.9166666666667,18.425,72.33333333333333,1.5125,10.0,301.0,11.5
2004-10-28,1148.625,14.183333333333332,1080.7083333333333,675.0833333333334,1610.0416666666667,1175.75,18.3875,67.8,1.4080083333333333,10.0,302.0,11.5
2004-10-29,1153.3333333333333,12.241666666666667,1020.0,710.7083333333334,1613.5833333333333,1041.2916666666667,19.454166666666666,73.89166666666667,1.650275,10.0,303.0,11.5
2004-10-30,1200.5833333333333,13.7875,1091.6666666666667,635.375,1659.875,1188.0,19.5625,71.16666666666667,1.5899416666666666,10.0,304.0,11.5
2004-10-31,1109.9583333333333,9.983333333333333,938.7916666666666,764.4166666666666,1601.0416666666667,993.7083333333334,20.85833333333333,68.82916666666667,1.6735166666666668,10.0,305.0,11.5
2004-11-03,1244.1666666666667,7.979166666666667,851.9583333333334,1277.25,1522.8333333333333,885.25,9.8375,64.075,0.7757666666666667,3.0,71.0,11.5
2004-11-04,940.0,4.058333333333334,707.9583333333334,1202.8333333333333,1265.6666666666667,631.7083333333334,14.775,43.762499999999996,0.6673416666666667,4.0,102.0,11.5
2004-11-05,1206.0,15.491666666666667,1111.5,811.4166666666666,1804.375,1202.125,18.962500000000002,48.05416666666667,0.9800458333333334,5.0,132.0,11.5
2004-11-06,1035.25,13.041666666666666,1056.25,851.125,1732.3333333333333,1048.9583333333333,28.425,29.583333333333332,1.0332833333333333,6.0,163.0,11.5
2004-11-07,894.1666666666666,5.416666666666667,768.4583333333334,998.7916666666666,1448.0,627.9583333333334,25.770833333333332,36.0875,1.1136708333333334,7.0,193.0,11.5
2004-11-08,1058.0,7.120833333333334,855.4583333333334,778.4583333333334,1700.4166666666667,869.0416666666666,31.5,46.00416666666666,1.9978125,8.0,224.0,11.5
2004-11-09,1107.75,9.1,928.125,880.4166666666666,1427.4583333333333,942.25,27.208333333333332,35.550000000000004,1.2052791666666667,9.0,255.0,11.5
2004-11-10,1153.5416666666667,13.325000000000001,1053.625,705.75,1673.2916666666667,1089.1666666666667,19.933333333333334,67.12083333333334,1.5403166666666666,10.0,285.0,11.5
2004-11-11,1134.5,13.108333333333334,1061.2916666666667,680.4583333333334,1416.0416666666667,1140.0833333333333,10.725,75.71249999999999,0.9764916666666666,11.0,316.0,11.5
2004-11-12,998.0,8.2875,895.5,859.5833333333334,1024.4583333333333,1031.3333333333333,13.441666666666668,31.162499999999998,0.45884166666666665,12.0,346.0,11.5
2004-11-13,1053.4583333333333,7.895833333333333,869.375,800.25,1303.625,924.2916666666666,17.333333333333332,53.85,1.0489333333333333,11.0,318.0,11.5
2004-11-14,724.75,1.4166666666666667,524.625,1678.875,875.625,380.0416666666667,10.35,44.30833333333334,0.5514916666666667,11.0,319.0,11.5
2004-11-15,842.125,6.258333333333333,776.0,1103.0,1010.9166666666666,716.0416666666666,11.9625,35.074999999999996,0.4886916666666667,11.0,320.0,11.5
2004-11-16,996.8333333333334,9.9375,926.2083333333334,910.5833333333334,1147.75,1023.9166666666666,13.3125,36.1875,0.5322791666666666,11.0,321.0,11.5
2004-11-17,1191.7916666666667,14.754166666666668,1074.0,731.0,1321.0416666666667,1389.375,10.941666666666668,51.699999999999996,0.6634041666666667,11.0,322.0,11.5
2004-11-18,1226.6666666666667,14.358333333333334,1098.5833333333333,645.5833333333334,1419.375,1363.7916666666667,12.758333333333333,60.88333333333333,0.8927791666666667,11.0,323.0,11.5
2004-11-19,1166.0,12.5875,1014.4166666666666,727.4166666666666,1422.1666666666667,1166.0,15.858333333333334,53.7875,0.974725,11.0,324.0,11.5
2004-11-20,904.375,8.9875,909.3333333333334,946.7916666666666,953.75,1015.9166666666666,10.799999999999999,26.425,0.3234625,11.0,325.0,11.5
2004-11-21,993.9166666666666,7.266666666666667,857.625,883.9166666666666,992.1666666666666,1147.75,7.6499999999999995,42.916666666666664,0.42687499999999995,11.0,326.0,11.5
2004-11-22,1265.9166666666667,20.616666666666667,1239.8333333333333,644.625,1333.0,1719.7916666666667,6.45,54.324999999999996,0.5300541666666666,11.0,327.0,11.5
2004-11-23,1513.2916666666667,23.84166666666667,1353.1666666666667,512.0416666666666,1731.1666666666667,1795.4583333333333,10.733333333333334,75.325,0.9716541666666667,11.0,328.0,11.5
2004-11-24,1294.7916666666667,16.3,1158.9166666666667,592.0416666666666,1518.3333333333333,1458.75,11.254166666666668,75.325,0.9964291666666667,11.0,329.0,11.5
2004-11-25,1177.125,13.829166666666666,1100.4166666666667,645.9166666666666,1322.0416666666667,1309.5833333333333,10.020833333333334,63.458333333333336,0.7452958333333334,11.0,330.0,11.5
2004-11-26,1439.5833333333333,20.479166666666668,1268.0,568.9583333333334,1628.9583333333333,1698.125,12.516666666666666,66.79583333333333,0.9640083333333332,11.0,331.0,11.5
2004-11-27,1426.125,15.65,1157.3333333333333,629.4583333333334,1563.125,1519.2083333333333,13.770833333333334,75.32083333333334,1.1800208333333333,11.0,332.0,11.5
2004-11-28,1090.375,7.1875,839.5833333333334,834.4583333333334,1237.4583333333333,1025.2916666666667,10.65,72.65833333333333,0.9287041666666668,11.0,333.0,11.5
2004-11-29,1199.0416666666667,11.629166666666668,1000.375,813.2916666666666,1401.4166666666667,1233.7916666666667,13.770833333333334,67.26666666666667,1.0333666666666665,11.0,334.0,11.5
2004-11-30,1127.2083333333333,10.895833333333334,962.25,981.9583333333334,1395.7083333333333,1013.8333333333334,12.987499999999999,71.59583333333333,1.06585,11.0,335.0,11.5
2004-12-03,1281.6666666666667,12.129166666666668,1008.2916666666666,1101.875,1627.2916666666667,1084.375,11.2875,51.09583333333333,0.6631041666666667,3.0,72.0,11.5
2004-12-04,930.0416666666666,2.345833333333333,599.75,1376.25,1217.7916666666667,462.5833333333333,12.2125,52.979166666666664,0.7398625,4.0,103.0,11.5
2004-12-05,1213.8333333333333,13.604166666666666,1062.625,778.625,1799.4166666666667,1182.25,17.204166666666666,56.32083333333333,1.0920958333333333,5.0,133.0,11.5
2004-12-06,1023.2916666666666,8.295833333333333,901.5416666666666,894.2916666666666,1616.6666666666667,868.125,27.325,33.55416666666667,1.1616166666666665,6.0,164.0,11.5
2004-12-07,960.9166666666666,8.804166666666667,907.3333333333334,870.5416666666666,1582.25,868.1666666666666,22.75,40.795833333333334,1.0953666666666668,7.0,194.0,11.5
2004-12-08,1001.125,6.704166666666667,834.4583333333334,824.5416666666666,1684.3333333333333,762.2916666666666,30.7375,47.5875,1.978925,8.0,225.0,11.5
2004-12-09,1158.8333333333333,8.1875,884.3333333333334,837.2083333333334,1570.2083333333333,1017.9166666666666,24.65416666666667,55.24583333333334,1.6905625000000002,9.0,256.0,11.5
2004-12-10,941.1666666666666,7.570833333333333,863.3333333333334,859.625,1380.375,827.0,17.7375,57.20416666666667,1.1514875,10.0,286.0,11.5
2004-12-11,1009.625,7.829166666666667,858.2916666666666,840.9583333333334,1310.8333333333333,882.4166666666666,15.2875,61.90833333333333,1.0651875,11.0,317.0,11.5
2004-12-12,1159.6666666666667,11.270833333333334,1008.7083333333334,713.7083333333334,1185.25,1340.75,9.979166666666666,51.63333333333333,0.6170625,12.0,347.0,11.5
2004-12-13,1258.5,17.008333333333333,1149.5416666666667,768.4166666666666,1358.6666666666667,1560.2083333333333,10.108333333333333,56.7875,0.6927458333333334,12.0,348.0,11.5
2004-12-14,1226.6470588235295,15.552941176470586,1120.3529411764705,671.1176470588235,1391.5294117647059,1485.4117647058824,9.852941176470589,65.49411764705883,0.7834529411764706,12.0,349.0,8.0
2004-12-17,1218.0,10.924999999999999,999.0,675.0,1385.5,1141.25,12.925,72.9,1.082725,12.0,352.0,21.5
2004-12-18,967.8333333333334,7.729166666666667,864.375,952.5416666666666,1061.0416666666667,867.0833333333334,12.333333333333334,44.89166666666667,0.6207416666666666,12.0,353.0,11.5
2004-12-19,1086.0,9.491666666666667,934.0833333333334,808.0,1117.5833333333333,1086.0,5.2875000000000005,62.74583333333334,0.5617583333333334,12.0,354.0,11.5
2004-12-20,914.4166666666666,5.233333333333333,753.375,995.25,1015.1666666666666,756.0833333333334,8.704166666666667,53.708333333333336,0.6080416666666667,12.0,355.0,11.5
2004-12-21,922.5,8.266666666666667,864.2916666666666,1009.0833333333334,976.4583333333334,878.2083333333334,6.683333333333334,38.65416666666667,0.3802291666666667,12.0,356.0,11.5
2004-12-22,974.2916666666666,7.7875000000000005,870.1666666666666,911.7083333333334,960.7916666666666,988.7083333333334,6.616666666666667,40.775,0.395325,12.0,357.0,11.5
2004-12-23,1223.25,15.387500000000001,1108.5833333333333,697.0833333333334,1221.2083333333333,1545.625,5.729166666666667,49.104166666666664,0.44740833333333335,12.0,358.0,11.5
2004-12-24,1386.0526315789473,16.342105263157894,1178.4736842105262,554.6315789473684,1349.0,1955.7368421052631,7.131578947368421,58.23684210526316,0.5934842105263157,12.0,359.0,9.0
2004-12-25,1439.2083333333333,13.104166666666666,1081.0416666666667,567.375,1389.1666666666667,1781.7916666666667,10.262500000000001,69.89583333333333,0.8747666666666666,12.0,360.0,11.5
2004-12-26,1079.875,4.779166666666667,723.7916666666666,919.4166666666666,1216.5,830.375,12.045833333333334,74.8,1.0445416666666667,12.0,361.0,11.5
2004-12-27,1056.5,5.7875000000000005,783.1666666666666,837.8333333333334,1214.9166666666667,850.9166666666666,12.554166666666667,65.45416666666667,0.9473041666666666,12.0,362.0,11.5
2004-12-28,1120.6666666666667,9.450000000000001,922.2916666666666,735.75,1293.5833333333333,1013.4166666666666,11.3375,64.54583333333333,0.8551375,12.0,363.0,11.5
2004-12-29,931.2083333333334,3.875,691.625,931.0833333333334,1059.2083333333333,714.1666666666666,10.308333333333334,59.09583333333333,0.7321875000000001,12.0,364.0,11.5
2004-12-30,877.4166666666666,4.058333333333334,697.4583333333334,1005.9583333333334,933.3333333333334,657.0833333333334,9.791666666666666,40.55833333333333,0.4866875,12.0,365.0,11.5
2004-12-31,900.3333333333334,4.075,696.375,1016.1666666666666,915.2083333333334,717.7916666666666,9.35,39.34166666666667,0.45532083333333334,12.0,366.0,11.5
2005-01-01,1114.25,7.183333333333334,853.7916666666666,782.4583333333334,1032.625,1226.4166666666667,6.870833333333334,50.79583333333333,0.49897083333333336,1.0,1.0,11.5
2005-01-02,1250.1666666666667,11.987499999999999,1016.5833333333334,644.7916666666666,1184.4166666666667,1559.0833333333333,6.625,51.74166666666667,0.5041875,2.0,32.0,11.5
2005-01-03,820.1666666666666,2.9333333333333336,618.9166666666666,1191.8333333333333,699.0833333333334,482.7083333333333,1.4333333333333333,35.104166666666664,0.24000416666666669,3.0,60.0,11.5
2005-01-04,903.2916666666666,3.4125,663.0,946.875,943.25,523.9583333333334,15.929166666666667,35.9625,0.6365291666666667,4.0,91.0,11.5
2005-01-13,1218.7916666666667,12.495833333333332,1043.7916666666667,623.7916666666666,1366.625,1308.25,9.991666666666667,69.56666666666666,0.847225,1.0,13.0,11.5
2005-01-14,1234.25,13.9625,1083.2916666666667,615.7083333333334,1365.25,1339.0416666666667,8.1,71.72916666666667,0.7729125,1.0,14.0,11.5
2005-01-15,1153.9166666666667,10.491666666666665,977.4583333333334,692.0833333333334,1210.5,1260.625,6.429166666666667,70.20416666666667,0.6710333333333334,1.0,15.0,11.5
2005-01-16,951.0416666666666,4.991666666666666,749.5416666666666,929.3333333333334,948.3333333333334,851.0,7.5249999999999995,47.77916666666667,0.48041666666666666,1.0,16.0,11.5
2005-01-17,1121.0416666666667,12.695833333333333,1008.9583333333334,757.0833333333334,1163.3333333333333,1326.7916666666667,6.666666666666667,46.916666666666664,0.4469125,1.0,17.0,11.5
2005-01-18,1272.0416666666667,14.633333333333333,1078.7916666666667,667.3333333333334,1306.375,1494.5833333333333,5.2875000000000005,66.27499999999999,0.6079666666666667,1.0,18.0,11.5
2005-01-19,966.6666666666666,4.625,727.7083333333334,916.25,1072.4583333333333,762.375,7.816666666666666,64.99583333333334,0.6894999999999999,1.0,19.0,11.5
2005-01-20,1090.1666666666667,10.6,947.375,782.4583333333334,1136.75,1152.7916666666667,10.075000000000001,44.24583333333334,0.5263416666666667,1.0,20.0,11.5
2005-01-21,1379.375,17.158333333333335,1180.9166666666667,560.3333333333334,1406.0416666666667,1756.625,9.095833333333333,59.06666666666666,0.6830458333333334,1.0,21.0,11.5
2005-01-22,1283.25,13.904166666666667,1105.5416666666667,600.8333333333334,1283.5,1468.9166666666667,9.941666666666666,55.854166666666664,0.6523541666666667,1.0,22.0,11.5
2005-01-23,1044.8333333333333,5.8999999999999995,795.2916666666666,846.125,998.75,1027.7083333333333,5.816666666666666,53.88333333333333,0.5014124999999999,1.0,23.0,11.5
2005-01-24,967.375,5.420833333333333,762.0,909.1666666666666,977.4583333333334,794.9166666666666,7.675,47.88333333333333,0.4938125,1.0,24.0,11.5
2005-01-25,856.0416666666666,2.779166666666667,611.375,1164.2916666666667,869.375,527.2916666666666,4.5125,50.97083333333333,0.43231250000000004,1.0,25.0,11.5
2005-01-26,871.0833333333334,3.2416666666666667,636.125,1130.0416666666667,873.0416666666666,567.75,4.208333333333333,49.48333333333333,0.4119333333333333,1.0,26.0,11.5
2005-01-27,912.0,4.345833333333333,703.375,997.0833333333334,870.9583333333334,691.625,5.270833333333333,39.612500000000004,0.35432916666666664,1.0,27.0,11.5
2005-01-28,919.5294117647059,4.035294117647059,695.5882352941177,979.3529411764706,885.0,688.6470588235294,3.9823529411764707,48.45882352941176,0.39795882352941175,1.0,28.0,8.0
2005-01-29,857.8636363636364,2.1045454545454545,583.6363636363636,1136.1363636363637,807.0454545454545,474.40909090909093,2.618181818181818,49.345454545454544,0.3679772727272727,1.0,29.0,12.5
2005-01-30,864.8333333333334,1.9666666666666668,573.8333333333334,1136.8333333333333,763.7916666666666,474.5416666666667,4.8500000000000005,37.8375,0.3249958333333333,1.0,30.0,11.5
2005-01-31,1084.5416666666667,10.970833333333333,939.875,842.2916666666666,1001.5,1184.2916666666667,7.283333333333334,31.808333333333334,0.3119541666666667,1.0,31.0,11.5
2005-02-01,1093.5238095238096,6.128571428571428,804.047619047619,807.4761904761905,1063.142857142857,1211.904761904762,6.580952380952381,59.280952380952385,0.570947619047619,1.0,2.0,10.0
2005-02-02,1177.25,12.225,1024.125,664.0833333333334,1132.2083333333333,1392.875,7.6125,43.9375,0.42635,2.0,33.0,11.5
2005-02-03,970.9166666666666,7.4624999999999995,831.125,904.5833333333334,874.375,981.9583333333334,4.2875000000000005,32.0375,0.251825,3.0,61.0,11.5
2005-02-04,890.9583333333334,2.529166666666667,616.2916666666666,991.75,864.3333333333334,481.75,15.483333333333334,32.225,0.5461666666666667,4.0,92.0,11.5
2005-02-13,1338.9166666666667,9.716666666666667,952.6666666666666,607.5833333333334,1322.9166666666667,1285.625,12.854166666666666,60.666666666666664,0.8578875,2.0,44.0,11.5
2005-02-14,1018.375,8.291666666666666,875.5833333333334,776.7083333333334,1020.7916666666666,937.1666666666666,10.479166666666666,40.69583333333333,0.50375,2.0,45.0,11.5
2005-02-15,949.0416666666666,5.629166666666666,760.5833333333334,936.9583333333334,881.125,766.3333333333334,8.9625,30.212500000000002,0.33683749999999996,2.0,46.0,11.5
2005-02-16,1128.25,9.141666666666667,926.2083333333334,692.875,1052.3333333333333,1225.75,6.491666666666667,42.625,0.4093333333333333,2.0,47.0,11.5
2005-02-17,1059.9166666666667,6.2250000000000005,802.4583333333334,794.7083333333334,1000.9166666666666,930.2083333333334,7.491666666666667,44.4,0.46307499999999996,2.0,48.0,11.5
2005-02-18,1055.5416666666667,6.891666666666667,819.2083333333334,812.7916666666666,1012.5,891.0833333333334,8.504166666666666,42.18333333333333,0.46239583333333334,2.0,49.0,11.5
2005-02-19,1083.4166666666667,6.241666666666667,809.4583333333334,770.125,997.8333333333334,1114.0833333333333,6.733333333333333,47.69166666666666,0.4547791666666667,2.0,50.0,11.5
2005-02-20,1031.0416666666667,3.4291666666666667,667.0833333333334,891.0,987.0,737.9166666666666,8.304166666666667,54.175000000000004,0.5936166666666667,2.0,51.0,11.5
2005-02-21,1106.4583333333333,7.066666666666666,820.2083333333334,786.9583333333334,1179.4166666666667,879.75,5.75,74.3,0.6858208333333334,2.0,52.0,11.5
2005-02-22,1083.4166666666667,7.720833333333334,842.7916666666666,795.0833333333334,1182.7916666666667,885.6666666666666,5.4125000000000005,75.1625,0.6742750000000001,2.0,53.0,11.5
2005-02-23,1039.125,6.245833333333334,792.875,833.5416666666666,1113.0416666666667,871.625,4.320833333333334,78.37916666666666,0.6580625,2.0,54.0,11.5
2005-02-24,1141.9583333333333,8.6,891.0833333333334,724.1666666666666,1220.0416666666667,1110.6666666666667,5.270833333333333,78.72500000000001,0.7039124999999999,2.0,55.0,11.5
2005-02-25,1129.5416666666667,9.541666666666666,937.0,697.8333333333334,1212.0416666666667,1099.7916666666667,7.920833333333333,62.69583333333333,0.6468708333333333,2.0,56.0,11.5
2005-02-26,1001.75,5.304166666666666,768.25,844.25,999.0833333333334,835.0416666666666,6.604166666666667,56.79583333333333,0.5480625,2.0,57.0,11.5
2005-02-27,971.6666666666666,4.404166666666667,722.0416666666666,896.4166666666666,925.5,763.5416666666666,6.008333333333333,52.10833333333333,0.47575416666666664,2.0,58.0,11.5
2005-02-28,834.25,2.6374999999999997,606.7916666666666,1149.7083333333333,750.0833333333334,445.4166666666667,2.8874999999999997,42.666666666666664,0.3272291666666667,2.0,59.0,11.5
2005-03-02,1243.9166666666667,12.570833333333333,1027.0416666666667,649.75,1212.2083333333333,1528.5833333333333,7.254166666666666,50.9625,0.5132416666666667,2.0,34.0,11.5
2005-03-03,1184.2916666666667,8.15,884.7083333333334,686.8333333333334,1162.4166666666667,1304.25,4.591666666666667,67.45833333333333,0.5775458333333333,3.0,62.0,11.5
2005-03-04,981.375,4.316666666666666,714.7083333333334,856.1666666666666,985.1666666666666,717.0833333333334,18.383333333333333,33.69583333333333,0.6175833333333334,4.0,93.0,11.5
2005-03-13,1133.875,5.3999999999999995,758.1666666666666,769.0,1149.375,816.7083333333334,14.383333333333333,49.925000000000004,0.8071208333333333,3.0,72.0,11.5
2005-03-14,1236.7916666666667,10.799999999999999,968.625,620.1666666666666,1343.9166666666667,1245.4166666666667,14.254166666666668,52.958333333333336,0.8220333333333333,3.0,73.0,11.5
2005-03-15,1219.0833333333333,11.216666666666667,966.7916666666666,649.875,1324.9583333333333,1196.3333333333333,15.762500000000001,47.020833333333336,0.7799166666666667,3.0,74.0,11.5
2005-03-16,1229.9166666666667,11.854166666666666,1000.875,624.9166666666666,1298.9583333333333,1323.4583333333333,16.841666666666665,43.333333333333336,0.7267625,3.0,75.0,11.5
2005-03-17,1217.9583333333333,10.862499999999999,969.9583333333334,629.25,1282.3333333333333,1254.3333333333333,17.2625,41.604166666666664,0.7395125,3.0,76.0,11.5
2005-03-18,1232.4166666666667,11.841666666666667,1007.2916666666666,603.3333333333334,1318.7916666666667,1257.4583333333333,15.683333333333332,45.99166666666667,0.7457625,3.0,77.0,11.5
2005-03-19,1186.75,7.270833333333333,851.8333333333334,655.9583333333334,1277.9583333333333,1025.375,14.783333333333333,57.49166666666667,0.9382375000000001,3.0,78.0,11.5
2005-03-20,1110.6666666666667,5.529166666666666,770.6666666666666,736.0,1203.5,807.625,16.229166666666668,53.5,0.9499583333333333,3.0,79.0,11.5
2005-03-21,1226.75,11.029166666666667,967.9583333333334,617.625,1425.875,1154.5,16.616666666666667,55.52916666666667,1.0056458333333333,3.0,80.0,11.5
2005-03-22,1197.9166666666667,10.620833333333334,958.1666666666666,638.4166666666666,1365.125,1153.9583333333333,17.108333333333334,51.50416666666666,0.9460916666666667,3.0,81.0,11.5
2005-03-23,1273.0,13.116666666666667,1039.9166666666667,581.625,1425.0,1346.7916666666667,18.8125,44.98333333333333,0.9105208333333333,3.0,82.0,11.5
2005-03-24,1343.4166666666667,13.3375,1052.25,555.7916666666666,1452.0416666666667,1467.75,17.166666666666668,49.56666666666667,0.95155,3.0,83.0,11.5
2005-03-25,1341.7916666666667,12.995833333333332,1051.2916666666667,549.0833333333334,1560.4583333333333,1334.7083333333333,17.6875,62.75833333333333,1.2323583333333332,3.0,84.0,11.5
2005-03-26,1216.5416666666667,8.395833333333334,910.5416666666666,590.0416666666666,1407.25,1185.875,18.954166666666666,57.9,1.2262208333333333,3.0,85.0,11.5
2005-03-27,1106.3333333333333,4.316666666666666,723.1666666666666,726.0416666666666,1305.0416666666667,884.75,15.612499999999999,72.45,1.2701416666666667,3.0,86.0,11.5
2005-03-28,1079.6666666666667,4.908333333333333,745.1666666666666,748.125,1280.75,829.5833333333334,17.933333333333334,60.76666666666667,1.1860708333333332,3.0,87.0,11.5
2005-03-29,1163.3333333333333,10.108333333333333,943.4166666666666,632.0833333333334,1429.9583333333333,1133.3333333333333,15.916666666666666,62.5375,1.1164625000000001,3.0,88.0,11.5
2005-03-30,1106.0,8.991666666666667,908.7916666666666,665.8333333333334,1328.6666666666667,1067.4166666666667,17.433333333333334,54.0375,0.9967625,3.0,89.0,11.5
2005-03-31,1008.125,5.220833333333333,749.4166666666666,795.6666666666666,1176.5416666666667,763.8333333333334,17.55,50.083333333333336,0.9519166666666666,3.0,90.0,11.5
2005-04-02,1091.2083333333333,8.470833333333333,897.1666666666666,731.375,1081.75,1163.4166666666667,7.466666666666666,50.17916666666667,0.4960291666666667,2.0,35.0,11.5
2005-04-03,1214.7916666666667,11.408333333333333,994.9166666666666,650.4583333333334,1282.3333333333333,1369.75,7.1875,62.19166666666666,0.6202791666666666,3.0,63.0,11.5
2005-04-04,1090.5333333333333,8.44,862.2666666666667,745.2666666666667,1195.0666666666666,995.2666666666667,16.96,42.78666666666666,0.7247866666666667,4.0,94.0,7.0
2005-05-01,1342.4782608695652,13.543478260869565,1084.4782608695652,567.0434782608696,1425.5217391304348,1518.3478260869565,11.291304347826086,65.8695652173913,0.8814391304347826,1.0,5.0,12.0
2005-05-02,1000.7916666666666,5.3999999999999995,775.0,845.0416666666666,926.8333333333334,923.4583333333334,5.570833333333333,46.604166666666664,0.41095,2.0,36.0,11.5
2005-05-03,1050.7083333333333,6.3625,820.0833333333334,780.5416666666666,1053.9166666666667,923.0,8.233333333333333,51.93333333333334,0.5436166666666666,3.0,64.0,11.5
2005-06-01,1109.2083333333333,6.220833333333334,811.375,758.7916666666666,1226.5416666666667,963.4583333333334,13.445833333333333,61.07083333333333,0.9321416666666668,1.0,6.0,11.5
2005-06-02,921.1666666666666,3.2875,661.4583333333334,987.875,821.75,735.875,5.304166666666666,39.6,0.3437333333333334,2.0,37.0,11.5
2005-06-03,947.7083333333334,3.8791666666666664,676.5833333333334,992.9583333333334,894.1666666666666,600.7083333333334,8.75,43.88333333333333,0.4782,3.0,65.0,11.5
2005-07-01,1192.3333333333333,10.720833333333333,965.1666666666666,690.5833333333334,1305.625,1197.2083333333333,8.454166666666667,72.05,0.7938999999999999,1.0,7.0,11.5
2005-07-02,981.2083333333334,4.716666666666667,727.25,899.0833333333334,873.25,813.7916666666666,7.304166666666666,35.4,0.35299166666666665,2.0,38.0,11.5
2005-07-03,953.9583333333334,5.1375,739.4166666666666,939.6666666666666,866.7083333333334,722.3333333333334,6.9375,39.204166666666666,0.3822125,3.0,66.0,11.5
2005-08-01,1243.9583333333333,10.920833333333334,988.4583333333334,653.5833333333334,1304.875,1336.5833333333333,10.383333333333333,65.75,0.8240875,1.0,8.0,11.5
2005-08-02,999.4117647058823,5.0058823529411764,726.5294117647059,924.2352941176471,904.2941176470588,822.1176470588235,8.764705882352942,36.12352941176471,0.3957764705882353,2.0,39.0,8.0
2005-08-03,1081.8333333333333,10.270833333333334,947.375,740.5416666666666,1048.625,1238.75,7.5249999999999995,39.19166666666667,0.36883333333333335,3.0,67.0,11.5
2005-09-01,1122.2083333333333,6.8125,822.5833333333334,756.625,1257.75,939.5,14.4375,58.99583333333334,0.9614458333333333,1.0,9.0,11.5
2005-09-03,1227.2916666666667,11.325000000000001,985.875,648.6666666666666,1236.9166666666667,1425.7916666666667,9.345833333333333,49.395833333333336,0.5727916666666667,3.0,68.0,11.5
2005-10-01,1279.5833333333333,12.541666666666666,1032.375,607.7083333333334,1482.9166666666667,1295.875,13.320833333333333,68.66250000000001,1.0445833333333334,1.0,10.0,11.5
2005-10-03,1136.9583333333333,9.9375,947.5833333333334,671.0416666666666,1166.9166666666667,1291.9166666666667,11.266666666666666,46.46666666666667,0.5438375,3.0,69.0,11.5
2005-11-01,1300.0,13.779166666666667,1072.5,592.4583333333334,1449.5,1392.75,12.779166666666667,64.10416666666667,0.9414125000000001,1.0,11.0,11.5
2005-11-02,1470.6666666666667,14.133333333333333,1119.0,510.6666666666667,1315.6666666666667,2043.6666666666667,7.966666666666666,54.1,0.5797333333333333,2.0,42.0,22.0
2005-11-03,1170.2608695652175,10.365217391304348,955.2608695652174,671.1304347826087,1195.1739130434783,1216.8695652173913,11.060869565217391,44.7695652173913,0.5785130434782608,3.0,70.0,11.521739130434783
2005-12-01,1301.9583333333333,15.333333333333334,1135.7916666666667,556.1666666666666,1489.125,1456.0,11.966666666666667,65.6875,0.9053333333333334,1.0,12.0,11.5
2005-12-02,1480.875,15.2125,1138.1666666666667,516.25,1368.875,1899.125,8.316666666666666,59.15,0.6482583333333333,2.0,43.0,11.5
2005-12-03,1116.625,5.641666666666667,779.2083333333334,722.9166666666666,1147.2916666666667,792.875,13.083333333333334,52.3125,0.7645916666666667,3.0,71.0,11.5
